{"cameraMode":{"drawMode":0,"name":"Shaded","section":"Shading Mode"},"sceneLighting":false,"audioPlay":false,"sceneViewState":{"showFog":true,"showMaterialUpdate":false,"showSkybox":false,"showFlares":true,"showImageEffects":true,"showParticleSystems":true},"in2DMode":false,"pivot":{"x":-0.1888570785522461,"y":0.29400569200515749,"z":0.8311436176300049},"rotation":{"x":-0.13978612422943116,"y":0.45130234956741335,"z":-0.07181695103645325,"w":-0.8784249424934387},"size":5.107395172119141,"orthographic":false}